,번호,제목,글쓴이,날짜,조회수,링크
0,183,2020학년도 1학기 경영대학 자체파견 교환학생 모집 공고,행정실,2019-09-26,154,http://kbiz.khu.ac.kr/board5/bbs/board.php?bo_table=05_04_01&wr_id=12353&sca=%EA%B5%AD%EC%A0%9C%EA%B5%90%EB%A5%98&page=1
1,182,2019학년도 2학기 경영대학 외국인 유학생 간담회,행정실,2019-09-23,37,http://kbiz.khu.ac.kr/board5/bbs/board.php?bo_table=05_04_01&wr_id=12328&sca=%EA%B5%AD%EC%A0%9C%EA%B5%90%EB%A5%98&page=1
2,181,2019 Fall Semester International Student Conference,행정실,2019-09-23,57,http://kbiz.khu.ac.kr/board5/bbs/board.php?bo_table=05_04_01&wr_id=12327&sca=%EA%B5%AD%EC%A0%9C%EA%B5%90%EB%A5%98&page=1
3,180,​2019학년도 2학기 경영대학 외국인유학생 TOPIK 지원 공고,행정실,2019-09-18,157,http://kbiz.khu.ac.kr/board5/bbs/board.php?bo_table=05_04_01&wr_id=12297&sca=%EA%B5%AD%EC%A0%9C%EA%B5%90%EB%A5%98&page=1
4,179,2019학년도 2학기 경영대학 외국인유학생 멘토 모집 공고,행정실,2019-09-05,260,http://kbiz.khu.ac.kr/board5/bbs/board.php?bo_table=05_04_01&wr_id=12238&sca=%EA%B5%AD%EC%A0%9C%EA%B5%90%EB%A5%98&page=1
5,178,2019학년도 2학기 경영대학 B.I.O. 단원 모집 공고,행정실,2019-08-30,374,http://kbiz.khu.ac.kr/board5/bbs/board.php?bo_table=05_04_01&wr_id=12207&sca=%EA%B5%AD%EC%A0%9C%EA%B5%90%EB%A5%98&page=1
6,177,2019학년도 2학기 경영대학 외국인유학생 학업성취도증진 간담회,행정실,2019-08-29,90,http://kbiz.khu.ac.kr/board5/bbs/board.php?bo_table=05_04_01&wr_id=12201&sca=%EA%B5%AD%EC%A0%9C%EA%B5%90%EB%A5%98&page=1
7,176,2019학년도 하계 경영대학 기업방문단(의전) 모집 - 호주,행정실,2019-07-12,589,http://kbiz.khu.ac.kr/board5/bbs/board.php?bo_table=05_04_01&wr_id=12113&sca=%EA%B5%AD%EC%A0%9C%EA%B5%90%EB%A5%98&page=1
8,175,2019학년도 하계 경영대학 기업방문단(의전) 모집 안내,행정실,2019-05-21,1077,http://kbiz.khu.ac.kr/board5/bbs/board.php?bo_table=05_04_01&wr_id=11960&sca=%EA%B5%AD%EC%A0%9C%EA%B5%90%EB%A5%98&page=1
9,174,2019학년도 1학기 경영대학 외국인유학생 TOPIK 지원 공고,행정실,2019-04-18,374,http://kbiz.khu.ac.kr/board5/bbs/board.php?bo_table=05_04_01&wr_id=11861&sca=%EA%B5%AD%EC%A0%9C%EA%B5%90%EB%A5%98&page=1
10,173,2019학년도 하계 경영대학 전공연수 및 현장실습 모집 안내,행정실,2019-04-15,744,http://kbiz.khu.ac.kr/board5/bbs/board.php?bo_table=05_04_01&wr_id=11844&sca=%EA%B5%AD%EC%A0%9C%EA%B5%90%EB%A5%98&page=1
11,172,2019 Summer Study Trip & Internship Information,행정실,2019-04-15,698,http://kbiz.khu.ac.kr/board5/bbs/board.php?bo_table=05_04_01&wr_id=11843&sca=%EA%B5%AD%EC%A0%9C%EA%B5%90%EB%A5%98&page=1
12,171,2018학년도 경영대학 전공연수(동계) 프로그램 후기 공유,행정실,2019-03-29,380,http://kbiz.khu.ac.kr/board5/bbs/board.php?bo_table=05_04_01&wr_id=11786&sca=%EA%B5%AD%EC%A0%9C%EA%B5%90%EB%A5%98&page=1
13,170,2018학년도 경영대학 전공연수(하계)  프로그램 후기 공유,행정실,2019-03-29,427,http://kbiz.khu.ac.kr/board5/bbs/board.php?bo_table=05_04_01&wr_id=11785&sca=%EA%B5%AD%EC%A0%9C%EA%B5%90%EB%A5%98&page=1
14,169,[경희대학교 국제교육원] 2019학년도 한국어도우미 모집,행정실,2019-03-27,228,http://kbiz.khu.ac.kr/board5/bbs/board.php?bo_table=05_04_01&wr_id=11777&sca=%EA%B5%AD%EC%A0%9C%EA%B5%90%EB%A5%98&page=1
15,168,[고려대학교 일민국제관계연구원] 제 3기 온드림 글로벌 아카데미 참가자 모집,행정실,2019-03-15,262,http://kbiz.khu.ac.kr/board5/bbs/board.php?bo_table=05_04_01&wr_id=11737&sca=%EA%B5%AD%EC%A0%9C%EA%B5%90%EB%A5%98&page=2
16,167,2019학년도 하계 경영대학 전공연수(캐나다) 모집 공고,행정실,2019-03-08,908,http://kbiz.khu.ac.kr/board5/bbs/board.php?bo_table=05_04_01&wr_id=11714&sca=%EA%B5%AD%EC%A0%9C%EA%B5%90%EB%A5%98&page=2
17,166,2019학년도 1학기 경영대학 외국인유학생 멘토 모집 공고,행정실,2019-02-27,371,http://kbiz.khu.ac.kr/board5/bbs/board.php?bo_table=05_04_01&wr_id=11689&sca=%EA%B5%AD%EC%A0%9C%EA%B5%90%EB%A5%98&page=2
18,165,2019학년도 1학기 경영대학 B.I.O. 단원 모집 공고,행정실,2019-02-27,363,http://kbiz.khu.ac.kr/board5/bbs/board.php?bo_table=05_04_01&wr_id=11687&sca=%EA%B5%AD%EC%A0%9C%EA%B5%90%EB%A5%98&page=2
19,164,2019학년도 봄 단기 3주 과정 한국어 도우미 모집,행정실,2019-02-20,221,http://kbiz.khu.ac.kr/board5/bbs/board.php?bo_table=05_04_01&wr_id=11667&sca=%EA%B5%AD%EC%A0%9C%EA%B5%90%EB%A5%98&page=2
20,163,2019학년도 2학기 경영대학 자체파견 교환학생 모집 공고(연장),행정실,2019-02-15,988,http://kbiz.khu.ac.kr/board5/bbs/board.php?bo_table=05_04_01&wr_id=11651&sca=%EA%B5%AD%EC%A0%9C%EA%B5%90%EB%A5%98&page=2
21,162,2019학년도 경영대학 교환학생 학점인정 방법 및 절차 안내,행정실,2019-01-21,624,http://kbiz.khu.ac.kr/board5/bbs/board.php?bo_table=05_04_01&wr_id=11586&sca=%EA%B5%AD%EC%A0%9C%EA%B5%90%EB%A5%98&page=2
22,161,2018학년도 동계 국제교육원 LEAP 프로그램 안내,행정실,2018-12-04,317,http://kbiz.khu.ac.kr/board5/bbs/board.php?bo_table=05_04_01&wr_id=11498&sca=%EA%B5%AD%EC%A0%9C%EA%B5%90%EB%A5%98&page=2
23,160,2018학년도 동계 정규 과정 한국어 도우미 모집,행정실,2018-11-27,271,http://kbiz.khu.ac.kr/board5/bbs/board.php?bo_table=05_04_01&wr_id=11482&sca=%EA%B5%AD%EC%A0%9C%EA%B5%90%EB%A5%98&page=2
24,159,2017학년도 동계 경영대학 전공연수 후기 공유,행정실,2018-11-27,365,http://kbiz.khu.ac.kr/board5/bbs/board.php?bo_table=05_04_01&wr_id=11481&sca=%EA%B5%AD%EC%A0%9C%EA%B5%90%EB%A5%98&page=2
25,158,2018학년도 동계 경영대학 전공연수(일본) 모집 연장 공지,행정실,2018-11-07,554,http://kbiz.khu.ac.kr/board5/bbs/board.php?bo_table=05_04_01&wr_id=11429&sca=%EA%B5%AD%EC%A0%9C%EA%B5%90%EB%A5%98&page=2
26,157,2018학년도 2학기 경영대학 멘토 모집 연장 공지,행정실,2018-11-07,284,http://kbiz.khu.ac.kr/board5/bbs/board.php?bo_table=05_04_01&wr_id=11428&sca=%EA%B5%AD%EC%A0%9C%EA%B5%90%EB%A5%98&page=2
27,156,2018학년도 동계 경영대학 전공연수 참가자 모집 공고,행정실,2018-10-26,937,http://kbiz.khu.ac.kr/board5/bbs/board.php?bo_table=05_04_01&wr_id=11372&sca=%EA%B5%AD%EC%A0%9C%EA%B5%90%EB%A5%98&page=2
28,155,2018학년도 2학기 경영대학 멘토 모집 공지,행정실,2018-10-18,491,http://kbiz.khu.ac.kr/board5/bbs/board.php?bo_table=05_04_01&wr_id=11338&sca=%EA%B5%AD%EC%A0%9C%EA%B5%90%EB%A5%98&page=2
29,154,2018학년도 2학기 경영대학 B.I.O. 단원 모집 안내,행정실,2018-10-16,533,http://kbiz.khu.ac.kr/board5/bbs/board.php?bo_table=05_04_01&wr_id=11330&sca=%EA%B5%AD%EC%A0%9C%EA%B5%90%EB%A5%98&page=2
30,153,2018 Fall Semester International Student Conference,행정실,2018-09-19,332,http://kbiz.khu.ac.kr/board5/bbs/board.php?bo_table=05_04_01&wr_id=11248&sca=%EA%B5%AD%EC%A0%9C%EA%B5%90%EB%A5%98&page=3
31,152,2018학년도 2학기 경영대학 외국인유학생 TOPIK 시험 지원 안내,행정실,2018-09-19,535,http://kbiz.khu.ac.kr/board5/bbs/board.php?bo_table=05_04_01&wr_id=11247&sca=%EA%B5%AD%EC%A0%9C%EA%B5%90%EB%A5%98&page=3
32,151,2019학년도 1학기 경영대학 자체파견 교환학생 모집 공고,행정실,2018-08-13,1832,http://kbiz.khu.ac.kr/board5/bbs/board.php?bo_table=05_04_01&wr_id=11078&sca=%EA%B5%AD%EC%A0%9C%EA%B5%90%EB%A5%98&page=3
33,150,2018 SUMMER CUHK-KHSOM JOINT CONFERENCE,행정실,2018-08-03,533,http://kbiz.khu.ac.kr/board5/bbs/board.php?bo_table=05_04_01&wr_id=11065&sca=%EA%B5%AD%EC%A0%9C%EA%B5%90%EB%A5%98&page=3
34,149,2018학년도 하계 CUHK-KHSOM JOINT CONFERENCE,행정실,2018-08-03,1223,http://kbiz.khu.ac.kr/board5/bbs/board.php?bo_table=05_04_01&wr_id=11064&sca=%EA%B5%AD%EC%A0%9C%EA%B5%90%EB%A5%98&page=3
35,148,2018학년도 하계 경영대학 버디프로그램 안내,행정실,2018-06-22,733,http://kbiz.khu.ac.kr/board5/bbs/board.php?bo_table=05_04_01&wr_id=10975&sca=%EA%B5%AD%EC%A0%9C%EA%B5%90%EB%A5%98&page=3
36,147,2018학년도 1학기 경영대학 PPT 특강 개최 안내,행정실,2018-05-25,1407,http://kbiz.khu.ac.kr/board5/bbs/board.php?bo_table=05_04_01&wr_id=10909&sca=%EA%B5%AD%EC%A0%9C%EA%B5%90%EB%A5%98&page=3
37,146,2018학년도 하계 경영대학 기업방문단(의전) 모집 안내(연장),행정실,2018-05-08,2201,http://kbiz.khu.ac.kr/board5/bbs/board.php?bo_table=05_04_01&wr_id=10863&sca=%EA%B5%AD%EC%A0%9C%EA%B5%90%EB%A5%98&page=3
38,145,"2018학년도 하계 경영대학 전공연수 모집 연장(미국, 뉴질랜드)",행정실,2018-05-08,1797,http://kbiz.khu.ac.kr/board5/bbs/board.php?bo_table=05_04_01&wr_id=10855&sca=%EA%B5%AD%EC%A0%9C%EA%B5%90%EB%A5%98&page=3
39,144,2018학년도 1학기 외국인재학생 토픽 장려 장학(외국인지원팀),행정실,2018-04-23,562,http://kbiz.khu.ac.kr/board5/bbs/board.php?bo_table=05_04_01&wr_id=10822&sca=%EA%B5%AD%EC%A0%9C%EA%B5%90%EB%A5%98&page=3
40,143,2018학년도 1학기 경영대학 외국인유학생 TOPIK 지원 안내,행정실,2018-04-17,944,http://kbiz.khu.ac.kr/board5/bbs/board.php?bo_table=05_04_01&wr_id=10806&sca=%EA%B5%AD%EC%A0%9C%EA%B5%90%EB%A5%98&page=3
41,142,2018학년도 하계 경영대학 전공연수 프로그램 2차 참가자 모집 안내,행정실,2018-04-16,2618,http://kbiz.khu.ac.kr/board5/bbs/board.php?bo_table=05_04_01&wr_id=10804&sca=%EA%B5%AD%EC%A0%9C%EA%B5%90%EB%A5%98&page=3
42,141,2017학년도 2학기 경영대학 자체파견 교환학생 후기 공유,행정실,2018-04-02,969,http://kbiz.khu.ac.kr/board5/bbs/board.php?bo_table=05_04_01&wr_id=10762&sca=%EA%B5%AD%EC%A0%9C%EA%B5%90%EB%A5%98&page=3
43,140,2018 GC Summer Program 안내,행정실,2018-03-27,1245,http://kbiz.khu.ac.kr/board5/bbs/board.php?bo_table=05_04_01&wr_id=10746&sca=%EA%B5%AD%EC%A0%9C%EA%B5%90%EB%A5%98&page=3
44,139,2018 Spring Semester: International Student Conference,행정실,2018-03-26,666,http://kbiz.khu.ac.kr/board5/bbs/board.php?bo_table=05_04_01&wr_id=10741&sca=%EA%B5%AD%EC%A0%9C%EA%B5%90%EB%A5%98&page=3
45,138,2018年度第一学期 外国留学生座谈会,행정실,2018-03-26,383,http://kbiz.khu.ac.kr/board5/bbs/board.php?bo_table=05_04_01&wr_id=10740&sca=%EA%B5%AD%EC%A0%9C%EA%B5%90%EB%A5%98&page=4
46,137,2018학년도 1학기 경영대학 외국인유학생 간담회 안내,행정실,2018-03-26,418,http://kbiz.khu.ac.kr/board5/bbs/board.php?bo_table=05_04_01&wr_id=10739&sca=%EA%B5%AD%EC%A0%9C%EA%B5%90%EB%A5%98&page=4
47,136,2018학년도 2학기 경영대학 자체파견 교환학생 선발 안내(일본),행정실,2018-03-20,3291,http://kbiz.khu.ac.kr/board5/bbs/board.php?bo_table=05_04_01&wr_id=10720&sca=%EA%B5%AD%EC%A0%9C%EA%B5%90%EB%A5%98&page=4
48,135,2018학년도 하계 경영대학 전공연수 프로그램 1차 참가자 모집 안내(연장),행정실,2018-03-09,2028,http://kbiz.khu.ac.kr/board5/bbs/board.php?bo_table=05_04_01&wr_id=10686&sca=%EA%B5%AD%EC%A0%9C%EA%B5%90%EB%A5%98&page=4
49,134,2018학년도 2학기 경영대학 자체파견 교환학생 선발 안내(연장),행정실,2018-02-21,1914,http://kbiz.khu.ac.kr/board5/bbs/board.php?bo_table=05_04_01&wr_id=10616&sca=%EA%B5%AD%EC%A0%9C%EA%B5%90%EB%A5%98&page=4
50,133,2017학년도 하계 경영대학 전공연수 후기 공유,행정실,2018-02-08,770,http://kbiz.khu.ac.kr/board5/bbs/board.php?bo_table=05_04_01&wr_id=10593&sca=%EA%B5%AD%EC%A0%9C%EA%B5%90%EB%A5%98&page=4
51,132,2018학년도 1학기 경영대학 외국인유학생 멘토·멘티 프로그램 참가자 모집 연장,행정실,2018-01-26,2674,http://kbiz.khu.ac.kr/board5/bbs/board.php?bo_table=05_04_01&wr_id=10544&sca=%EA%B5%AD%EC%A0%9C%EA%B5%90%EB%A5%98&page=4
52,131,2018학년도 1학기 경영대학 차체초청 교환학생 버디 모집 공고,행정실,2018-01-25,2235,http://kbiz.khu.ac.kr/board5/bbs/board.php?bo_table=05_04_01&wr_id=10536&sca=%EA%B5%AD%EC%A0%9C%EA%B5%90%EB%A5%98&page=4
53,130,2017학년도 2학기 경영대학 자체초청 교환학생 버디프로그램 후기 공유,행정실,2018-01-25,474,http://kbiz.khu.ac.kr/board5/bbs/board.php?bo_table=05_04_01&wr_id=10535&sca=%EA%B5%AD%EC%A0%9C%EA%B5%90%EB%A5%98&page=4
54,129,2018학년도 경영대학 교환학생 학점인정 방법 및 절차 안내,행정실,2018-01-11,1169,http://kbiz.khu.ac.kr/board5/bbs/board.php?bo_table=05_04_01&wr_id=10509&sca=%EA%B5%AD%EC%A0%9C%EA%B5%90%EB%A5%98&page=4
55,128,2017학년도 동계방학 외국인 재학생 국제화 어학연수단 모집,행정실,2017-12-04,590,http://kbiz.khu.ac.kr/board5/bbs/board.php?bo_table=05_04_01&wr_id=10440&sca=%EA%B5%AD%EC%A0%9C%EA%B5%90%EB%A5%98&page=4
56,127,2017학년도 2학기 외국인 재학생 토픽장려 장학 신청 공고(TOPIK),행정실,2017-11-22,349,http://kbiz.khu.ac.kr/board5/bbs/board.php?bo_table=05_04_01&wr_id=10422&sca=%EA%B5%AD%EC%A0%9C%EA%B5%90%EB%A5%98&page=4
57,126,2017학년도 2학기 외국인 학업장려 장학생 신청 공고(2017 Fall Semester Scholarshi…,행정실,2017-11-22,382,http://kbiz.khu.ac.kr/board5/bbs/board.php?bo_table=05_04_01&wr_id=10421&sca=%EA%B5%AD%EC%A0%9C%EA%B5%90%EB%A5%98&page=4
58,125,2017학년도 동계 경영대학 전공연수 프로그램 참가자 모집 공고(일본: 기간연장),행정실,2017-11-17,1392,http://kbiz.khu.ac.kr/board5/bbs/board.php?bo_table=05_04_01&wr_id=10415&sca=%EA%B5%AD%EC%A0%9C%EA%B5%90%EB%A5%98&page=4
59,124,"2016학년도 동계 경영대학 전공연수 프로그램 후기 공유(호주Griffith, 일본Ritsumeikan)",행정실,2017-11-01,626,http://kbiz.khu.ac.kr/board5/bbs/board.php?bo_table=05_04_01&wr_id=10406&sca=%EA%B5%AD%EC%A0%9C%EA%B5%90%EB%A5%98&page=4
60,123,2017학년도 동계 경영대학 전공연수 프로그램 참가자 모집 공고,행정실,2017-11-01,1751,http://kbiz.khu.ac.kr/board5/bbs/board.php?bo_table=05_04_01&wr_id=10405&sca=%EA%B5%AD%EC%A0%9C%EA%B5%90%EB%A5%98&page=5
61,122,2018학년도 1학기 경영대학 자체파견 교환학생 선발 공고 2차 (기간연장),행정실,2017-10-23,962,http://kbiz.khu.ac.kr/board5/bbs/board.php?bo_table=05_04_01&wr_id=10404&sca=%EA%B5%AD%EC%A0%9C%EA%B5%90%EB%A5%98&page=5
62,121,2018학년도 1학기 경영대학 자체파견 교환학생 선발 공고 (기간연장),행정실,2017-10-20,705,http://kbiz.khu.ac.kr/board5/bbs/board.php?bo_table=05_04_01&wr_id=10403&sca=%EA%B5%AD%EC%A0%9C%EA%B5%90%EB%A5%98&page=5
63,120,2017학년도 1학기 자체파견 교환학생 귀국보고서 후기 공유,행정실,2017-10-16,543,http://kbiz.khu.ac.kr/board5/bbs/board.php?bo_table=05_04_01&wr_id=10402&sca=%EA%B5%AD%EC%A0%9C%EA%B5%90%EB%A5%98&page=5
64,119,2018학년도 1학기 경영대학 자체파견 교환학생 선발 공고 (2차),행정실,2017-10-16,587,http://kbiz.khu.ac.kr/board5/bbs/board.php?bo_table=05_04_01&wr_id=10401&sca=%EA%B5%AD%EC%A0%9C%EA%B5%90%EB%A5%98&page=5
65,118,2018학년도 1학기 경영대학 자체파견 교환학생 선발 공고 (1차),행정실,2017-10-13,721,http://kbiz.khu.ac.kr/board5/bbs/board.php?bo_table=05_04_01&wr_id=10400&sca=%EA%B5%AD%EC%A0%9C%EA%B5%90%EB%A5%98&page=5
66,117,2017학년도 1학기 자체파견 교환학생 귀국보고서 후기 공유,행정실,2017-10-16,377,http://kbiz.khu.ac.kr/board5/bbs/board.php?bo_table=05_04_01&wr_id=10399&sca=%EA%B5%AD%EC%A0%9C%EA%B5%90%EB%A5%98&page=5
67,116,2018학년도 1학기 경영대학 자체파견 교환학생 선발 공고 (2차),행정실,2017-10-16,461,http://kbiz.khu.ac.kr/board5/bbs/board.php?bo_table=05_04_01&wr_id=10398&sca=%EA%B5%AD%EC%A0%9C%EA%B5%90%EB%A5%98&page=5
68,115,2018학년도 1학기 경영대학 자체파견 교환학생 선발 공고 (1차),행정실,2017-10-13,804,http://kbiz.khu.ac.kr/board5/bbs/board.php?bo_table=05_04_01&wr_id=10397&sca=%EA%B5%AD%EC%A0%9C%EA%B5%90%EB%A5%98&page=5
69,114,2017年度第二学期外国留学学生座谈会,행정실,2017-09-29,515,http://kbiz.khu.ac.kr/board5/bbs/board.php?bo_table=05_04_01&wr_id=10009&sca=%EA%B5%AD%EC%A0%9C%EA%B5%90%EB%A5%98&page=5
70,113,2017 Fall Semester: International Student Conference,행정실,2017-09-29,750,http://kbiz.khu.ac.kr/board5/bbs/board.php?bo_table=05_04_01&wr_id=10008&sca=%EA%B5%AD%EC%A0%9C%EA%B5%90%EB%A5%98&page=5
71,112,2017학년도 2학기 경영대학 외국인유학생 간담회 개최 안내,행정실,2017-09-29,476,http://kbiz.khu.ac.kr/board5/bbs/board.php?bo_table=05_04_01&wr_id=10007&sca=%EA%B5%AD%EC%A0%9C%EA%B5%90%EB%A5%98&page=5
72,111,2017학년도 2학기 경영대학 유학생회 신입생 안내책자: 新生入学手册,행정실,2017-09-14,237,http://kbiz.khu.ac.kr/board5/bbs/board.php?bo_table=05_04_01&wr_id=10006&sca=%EA%B5%AD%EC%A0%9C%EA%B5%90%EB%A5%98&page=5
73,110,"2016학년도 동계 경영대학 전공연수 프로그램 후기 공유(호주Griffith, 일본Ritsumeikan)",행정실,2017-11-01,274,http://kbiz.khu.ac.kr/board5/bbs/board.php?bo_table=05_04_01&wr_id=9458&sca=%EA%B5%AD%EC%A0%9C%EA%B5%90%EB%A5%98&page=5
74,109,2017학년도 동계 경영대학 전공연수 프로그램 참가자 모집 공고,행정실,2017-11-01,1209,http://kbiz.khu.ac.kr/board5/bbs/board.php?bo_table=05_04_01&wr_id=9457&sca=%EA%B5%AD%EC%A0%9C%EA%B5%90%EB%A5%98&page=5
75,108,2018학년도 1학기 경영대학 자체파견 교환학생 선발 공고 2차 (기간연장),행정실,2017-10-23,364,http://kbiz.khu.ac.kr/board5/bbs/board.php?bo_table=05_04_01&wr_id=9456&sca=%EA%B5%AD%EC%A0%9C%EA%B5%90%EB%A5%98&page=6
76,107,2018학년도 1학기 경영대학 자체파견 교환학생 선발 공고 (기간연장),행정실,2017-10-20,323,http://kbiz.khu.ac.kr/board5/bbs/board.php?bo_table=05_04_01&wr_id=9455&sca=%EA%B5%AD%EC%A0%9C%EA%B5%90%EB%A5%98&page=6
77,106,2017학년도 1학기 자체파견 교환학생 귀국보고서 후기 공유,행정실,2017-10-16,286,http://kbiz.khu.ac.kr/board5/bbs/board.php?bo_table=05_04_01&wr_id=9454&sca=%EA%B5%AD%EC%A0%9C%EA%B5%90%EB%A5%98&page=6
78,105,2018학년도 1학기 경영대학 자체파견 교환학생 선발 공고 (2차),행정실,2017-10-16,249,http://kbiz.khu.ac.kr/board5/bbs/board.php?bo_table=05_04_01&wr_id=9453&sca=%EA%B5%AD%EC%A0%9C%EA%B5%90%EB%A5%98&page=6
79,104,2018학년도 1학기 경영대학 자체파견 교환학생 선발 공고 (1차),행정실,2017-10-13,386,http://kbiz.khu.ac.kr/board5/bbs/board.php?bo_table=05_04_01&wr_id=9452&sca=%EA%B5%AD%EC%A0%9C%EA%B5%90%EB%A5%98&page=6
80,103,2017학년도 1학기 자체파견 교환학생 귀국보고서 후기 공유,행정실,2017-10-16,164,http://kbiz.khu.ac.kr/board5/bbs/board.php?bo_table=05_04_01&wr_id=9451&sca=%EA%B5%AD%EC%A0%9C%EA%B5%90%EB%A5%98&page=6
81,102,2018학년도 1학기 경영대학 자체파견 교환학생 선발 공고 (2차),행정실,2017-10-16,205,http://kbiz.khu.ac.kr/board5/bbs/board.php?bo_table=05_04_01&wr_id=9450&sca=%EA%B5%AD%EC%A0%9C%EA%B5%90%EB%A5%98&page=6
82,101,2018학년도 1학기 경영대학 자체파견 교환학생 선발 공고 (1차),행정실,2017-10-13,417,http://kbiz.khu.ac.kr/board5/bbs/board.php?bo_table=05_04_01&wr_id=9449&sca=%EA%B5%AD%EC%A0%9C%EA%B5%90%EB%A5%98&page=6
83,100,2017年度第二学期外国留学学生座谈会,행정실,2017-09-29,252,http://kbiz.khu.ac.kr/board5/bbs/board.php?bo_table=05_04_01&wr_id=9448&sca=%EA%B5%AD%EC%A0%9C%EA%B5%90%EB%A5%98&page=6
84,99,2017 Fall Semester: International Student Conference,행정실,2017-09-29,490,http://kbiz.khu.ac.kr/board5/bbs/board.php?bo_table=05_04_01&wr_id=9447&sca=%EA%B5%AD%EC%A0%9C%EA%B5%90%EB%A5%98&page=6
85,98,2017학년도 2학기 경영대학 외국인유학생 간담회 개최 안내,행정실,2017-09-29,449,http://kbiz.khu.ac.kr/board5/bbs/board.php?bo_table=05_04_01&wr_id=9446&sca=%EA%B5%AD%EC%A0%9C%EA%B5%90%EB%A5%98&page=6
86,97,2017학년도 2학기 경영대학 유학생회 신입생 안내책자: 新生入学手册,행정실,2017-09-14,193,http://kbiz.khu.ac.kr/board5/bbs/board.php?bo_table=05_04_01&wr_id=9445&sca=%EA%B5%AD%EC%A0%9C%EA%B5%90%EB%A5%98&page=6
87,96,2017학년도 2학기 경영대학 자체초청 교환학생 버디프로그램 참가자 모집 공고(2017.8.28.-9.4.),행정실,2017-08-25,1027,http://kbiz.khu.ac.kr/board5/bbs/board.php?bo_table=05_04_01&wr_id=9444&sca=%EA%B5%AD%EC%A0%9C%EA%B5%90%EB%A5%98&page=6
88,95,2017학년도 경영대학 교환학생 학점인정 방법 및 절차 안내,행정실,2017-08-02,691,http://kbiz.khu.ac.kr/board5/bbs/board.php?bo_table=05_04_01&wr_id=9443&sca=%EA%B5%AD%EC%A0%9C%EA%B5%90%EB%A5%98&page=6
89,94,"2017학년도 2학기 경영대학 멘토, 멘티 프로그램 참가자 모집[2017.6.15(목)-8.5(금)]",행정실,2017-06-14,1555,http://kbiz.khu.ac.kr/board5/bbs/board.php?bo_table=05_04_01&wr_id=9442&sca=%EA%B5%AD%EC%A0%9C%EA%B5%90%EB%A5%98&page=6
90,93,2017학년도 하계 경영대학 기업방문단(EAFIT MBA초청연수) 모집,행정실,2017-06-09,1170,http://kbiz.khu.ac.kr/board5/bbs/board.php?bo_table=05_04_01&wr_id=9441&sca=%EA%B5%AD%EC%A0%9C%EA%B5%90%EB%A5%98&page=7
91,92,[KHSOM] 6.8(Thursday) Conference for InterWnational Students…,행정실,2017-06-02,822,http://kbiz.khu.ac.kr/board5/bbs/board.php?bo_table=05_04_01&wr_id=9440&sca=%EA%B5%AD%EC%A0%9C%EA%B5%90%EB%A5%98&page=7
92,91,[经营大学] 6.8(星期四) 外国人留学生商谈会,행정실,2016-06-02,302,http://kbiz.khu.ac.kr/board5/bbs/board.php?bo_table=05_04_01&wr_id=9439&sca=%EA%B5%AD%EC%A0%9C%EA%B5%90%EB%A5%98&page=7
93,90,경영대학 해외 전공연수 참가자 후기 공유(미국 San Jose 주립대학),행정실,2017-05-16,619,http://kbiz.khu.ac.kr/board5/bbs/board.php?bo_table=05_04_01&wr_id=9438&sca=%EA%B5%AD%EC%A0%9C%EA%B5%90%EB%A5%98&page=7
94,89,"[기간연장]2017학년도 하계 경영대학 전공연수(미국, San Jose 대학) 참가자 모집 안내",행정실,2017-05-02,2017,http://kbiz.khu.ac.kr/board5/bbs/board.php?bo_table=05_04_01&wr_id=9437&sca=%EA%B5%AD%EC%A0%9C%EA%B5%90%EB%A5%98&page=7
95,88,[기간연장][추가모집]2017 하계 경영대학 UN Workshop Tour 프로그램 참가자 추가 모집 안내,행정실,2017-04-24,1754,http://kbiz.khu.ac.kr/board5/bbs/board.php?bo_table=05_04_01&wr_id=9436&sca=%EA%B5%AD%EC%A0%9C%EA%B5%90%EB%A5%98&page=7
96,87,"경영대학 자체파견 교환학생 참가 후기 공유(2016학년도 2학기 파견, 뉴질랜드 Saxion, 독일Osnab…",행정실,2017-04-24,675,http://kbiz.khu.ac.kr/board5/bbs/board.php?bo_table=05_04_01&wr_id=9435&sca=%EA%B5%AD%EC%A0%9C%EA%B5%90%EB%A5%98&page=7
97,86,"[추가모집][변경사항有]2017학년도 하계 경영대학 전공연수 추가 모집(프랑스 EBS Paris, 일본 Ri…",행정실,2017-04-20,1605,http://kbiz.khu.ac.kr/board5/bbs/board.php?bo_table=05_04_01&wr_id=9434&sca=%EA%B5%AD%EC%A0%9C%EA%B5%90%EB%A5%98&page=7
98,85,"[국제교류] 경영대학 해외 전공연수 참가자 후기 공유(프랑스EBS, 뉴질랜드Massey)",행정실,2017-04-12,865,http://kbiz.khu.ac.kr/board5/bbs/board.php?bo_table=05_04_01&wr_id=9433&sca=%EA%B5%AD%EC%A0%9C%EA%B5%90%EB%A5%98&page=7
99,84,"[기간연장][변경사항有]2017학년도 하계 경영대학 전공연수(EBS,Massey,Ritsumeikan) 참가…",행정실,2017-04-06,1941,http://kbiz.khu.ac.kr/board5/bbs/board.php?bo_table=05_04_01&wr_id=9432&sca=%EA%B5%AD%EC%A0%9C%EA%B5%90%EB%A5%98&page=7
100,83,[기간연장][변경사항有]2017 하계 경영대학 UN Workshop Tour 프로그램 참가자 모집 안내,행정실,2017-04-03,1238,http://kbiz.khu.ac.kr/board5/bbs/board.php?bo_table=05_04_01&wr_id=9431&sca=%EA%B5%AD%EC%A0%9C%EA%B5%90%EB%A5%98&page=7
101,82,[기간연장]2017학년도 2학기 경영대학 자체파견 교환학생 선발 공고,행정실,2017-03-21,1856,http://kbiz.khu.ac.kr/board5/bbs/board.php?bo_table=05_04_01&wr_id=9430&sca=%EA%B5%AD%EC%A0%9C%EA%B5%90%EB%A5%98&page=7
102,81,[기간연장]2017학년도 2학기 경영대학 자체파견 교환학생(일본 Rikkyo) 선발 공고,행정실,2017-03-14,1481,http://kbiz.khu.ac.kr/board5/bbs/board.php?bo_table=05_04_01&wr_id=9429&sca=%EA%B5%AD%EC%A0%9C%EA%B5%90%EB%A5%98&page=7
103,80,2017-1학기 경영대학 자체초청 교환학생 버디 프로그램 참가자 모집,행정실,2017-03-13,1587,http://kbiz.khu.ac.kr/board5/bbs/board.php?bo_table=05_04_01&wr_id=9428&sca=%EA%B5%AD%EC%A0%9C%EA%B5%90%EB%A5%98&page=7
104,79,2017학년도 2학기 경영대학 자체파견 교환학생 선발 공고(호주 UOW 외 2개교),행정실,2017-03-06,1988,http://kbiz.khu.ac.kr/board5/bbs/board.php?bo_table=05_04_01&wr_id=9427&sca=%EA%B5%AD%EC%A0%9C%EA%B5%90%EB%A5%98&page=7
105,78,2017-1 경영대학 자체파견 교환학생(UOW 외 2개교) 선발계획 안내 및 호주 UOW 교환학생 후기 공유,행정실,2017-03-03,1093,http://kbiz.khu.ac.kr/board5/bbs/board.php?bo_table=05_04_01&wr_id=9426&sca=%EA%B5%AD%EC%A0%9C%EA%B5%90%EB%A5%98&page=8
106,77,[기간연장]2017학년도 경영대학 UBC 하계 전공연수 모집 안내(~3.6),행정실,2017-02-22,2308,http://kbiz.khu.ac.kr/board5/bbs/board.php?bo_table=05_04_01&wr_id=9425&sca=%EA%B5%AD%EC%A0%9C%EA%B5%90%EB%A5%98&page=8
107,76,"경영대학 자체파견 교환학생 참가 후기 공유(2016-1파견, 미국 STAC)",행정실,2016-10-14,1244,http://kbiz.khu.ac.kr/board5/bbs/board.php?bo_table=05_04_01&wr_id=9424&sca=%EA%B5%AD%EC%A0%9C%EA%B5%90%EB%A5%98&page=8
108,75,2017학년도 1학기 경영대학 자체파견 교환학생 선발 공고,행정실,2016-09-27,3002,http://kbiz.khu.ac.kr/board5/bbs/board.php?bo_table=05_04_01&wr_id=9423&sca=%EA%B5%AD%EC%A0%9C%EA%B5%90%EB%A5%98&page=8
109,74,2016 하계 경영대학 기업방문단(EAFIT MBA 초청연수) 모집(기한연장),행정실,2016-06-01,3027,http://kbiz.khu.ac.kr/board5/bbs/board.php?bo_table=05_04_01&wr_id=9422&sca=%EA%B5%AD%EC%A0%9C%EA%B5%90%EB%A5%98&page=8
110,73,2016 하계 경영대학 미국 San Jose 대학 전공연수 참가자 추가 모집(마감),행정실,2016-05-04,2899,http://kbiz.khu.ac.kr/board5/bbs/board.php?bo_table=05_04_01&wr_id=9421&sca=%EA%B5%AD%EC%A0%9C%EA%B5%90%EB%A5%98&page=8
111,72,"[기간연장/재공지]2016학년도 경영대학 하계 전공연수(EBS,San Jose, Massey, Ritsume…",행정실,2016-03-29,4694,http://kbiz.khu.ac.kr/board5/bbs/board.php?bo_table=05_04_01&wr_id=9420&sca=%EA%B5%AD%EC%A0%9C%EA%B5%90%EB%A5%98&page=8
112,71,"2016-2 경영대학 자체파견 교환학생 선발 추가공고(ISC,UOW,Griffith,STAC)",행정실,2016-03-25,3886,http://kbiz.khu.ac.kr/board5/bbs/board.php?bo_table=05_04_01&wr_id=9419&sca=%EA%B5%AD%EC%A0%9C%EA%B5%90%EB%A5%98&page=8
113,70,[접수기간연장]2016학년도 2학기 경영대학 자체파견 교환학생 2차 선발 공고,행정실,2016-03-14,3936,http://kbiz.khu.ac.kr/board5/bbs/board.php?bo_table=05_04_01&wr_id=9418&sca=%EA%B5%AD%EC%A0%9C%EA%B5%90%EB%A5%98&page=8
114,69,2016 경영대학 UBC 하계 전공연수 참가자 모집 예정공지,행정실,2016-02-25,4630,http://kbiz.khu.ac.kr/board5/bbs/board.php?bo_table=05_04_01&wr_id=9417&sca=%EA%B5%AD%EC%A0%9C%EA%B5%90%EB%A5%98&page=8
115,68,"2016-2 경영대학 자체파견 교환학생 선발공고(미국 FSU, STAC, 일본 Rikkyo)",행정실,2016-02-03,2001,http://kbiz.khu.ac.kr/board5/bbs/board.php?bo_table=05_04_01&wr_id=7630&sca=%EA%B5%AD%EC%A0%9C%EA%B5%90%EB%A5%98&page=8
116,67,2015학년도 경영대학 동계 일본 리츠메이칸대학 전공연수 추가 모집 안내(가공지),행정실,2015-12-10,1920,http://kbiz.khu.ac.kr/board5/bbs/board.php?bo_table=05_04_01&wr_id=7518&sca=%EA%B5%AD%EC%A0%9C%EA%B5%90%EB%A5%98&page=8
117,66,2015 경영대학 동계 해외전공연수 참가자 추가 모집 안내,행정실,2015-11-25,2171,http://kbiz.khu.ac.kr/board5/bbs/board.php?bo_table=05_04_01&wr_id=7471&sca=%EA%B5%AD%EC%A0%9C%EA%B5%90%EB%A5%98&page=8
118,65,2015 글로벌 CSR 현장학습 전공연수 프로그램 모집 안내,행정실,2015-11-24,4332,http://kbiz.khu.ac.kr/board5/bbs/board.php?bo_table=05_04_01&wr_id=7461&sca=%EA%B5%AD%EC%A0%9C%EA%B5%90%EB%A5%98&page=8
119,64,경영대학 글로벌학습커뮤니티 참가 Tutor 및 Tutee 모집,행정실,2015-11-11,1702,http://kbiz.khu.ac.kr/board5/bbs/board.php?bo_table=05_04_01&wr_id=7431&sca=%EA%B5%AD%EC%A0%9C%EA%B5%90%EB%A5%98&page=8
120,63,경영대학 프랑스 ISC Paris 자체파견 교환학생 참가 후기,행정실,2015-11-06,2312,http://kbiz.khu.ac.kr/board5/bbs/board.php?bo_table=05_04_01&wr_id=7418&sca=%EA%B5%AD%EC%A0%9C%EA%B5%90%EB%A5%98&page=9
121,62,경영대학 자체파견 독일 HS Osnabrueck 대학 교환학생 참가 후기,행정실,2015-11-06,2520,http://kbiz.khu.ac.kr/board5/bbs/board.php?bo_table=05_04_01&wr_id=7417&sca=%EA%B5%AD%EC%A0%9C%EA%B5%90%EB%A5%98&page=9
122,61,경영대학 자체파견 네덜란드 Saxion대학 교환학생 참가 후기,행정실,2015-11-05,2379,http://kbiz.khu.ac.kr/board5/bbs/board.php?bo_table=05_04_01&wr_id=7412&sca=%EA%B5%AD%EC%A0%9C%EA%B5%90%EB%A5%98&page=9
123,60,2015 경영대학 동계 해외전공연수 참가자 모집 기간 연장(최종),행정실,2015-10-30,6563,http://kbiz.khu.ac.kr/board5/bbs/board.php?bo_table=05_04_01&wr_id=7391&sca=%EA%B5%AD%EC%A0%9C%EA%B5%90%EB%A5%98&page=9
124,59,경영대학 자체파견 미국 FSU 교환학생 참가 후기,행정실,2015-10-28,2433,http://kbiz.khu.ac.kr/board5/bbs/board.php?bo_table=05_04_01&wr_id=7389&sca=%EA%B5%AD%EC%A0%9C%EA%B5%90%EB%A5%98&page=9
125,58,2016학년도 1학기 경영대학 자체 파견 교환학생 선발(가공지),행정실,2015-10-07,2874,http://kbiz.khu.ac.kr/board5/bbs/board.php?bo_table=05_04_01&wr_id=7346&sca=%EA%B5%AD%EC%A0%9C%EA%B5%90%EB%A5%98&page=9
126,57,미국 웨인주립대학교(WSU) 복수학위 프로그램(3+2) 참가자 선발 안내,행정실,2015-08-25,2684,http://kbiz.khu.ac.kr/board5/bbs/board.php?bo_table=05_04_01&wr_id=7244&sca=%EA%B5%AD%EC%A0%9C%EA%B5%90%EB%A5%98&page=9
127,56,2015 하계 경영대학 초청해외연수단 프로그램 안내 및 참가 학생 모집(기한연장),행정실,2015-07-16,6622,http://kbiz.khu.ac.kr/board5/bbs/board.php?bo_table=05_04_01&wr_id=7165&sca=%EA%B5%AD%EC%A0%9C%EA%B5%90%EB%A5%98&page=9
128,55,2015 UN 글로벌 리더십 현장학습 전공연수 프로그램 모집 안내,행정실,2015-05-29,5657,http://kbiz.khu.ac.kr/board5/bbs/board.php?bo_table=05_04_01&wr_id=7043&sca=%EA%B5%AD%EC%A0%9C%EA%B5%90%EB%A5%98&page=9
129,54,"2015년도 경영대 하계 전공연수(일본 Ritsumeikan, Kansai, 말레이시아 Berjaya) 최종…",행정실,2015-05-29,6600,http://kbiz.khu.ac.kr/board5/bbs/board.php?bo_table=05_04_01&wr_id=7042&sca=%EA%B5%AD%EC%A0%9C%EA%B5%90%EB%A5%98&page=9
130,53,2015학년도 경영대학 하계 전공연수 및 인턴십 프로그램 추가 모집 공고(기간 연장),행정실,2015-05-15,2945,http://kbiz.khu.ac.kr/board5/bbs/board.php?bo_table=05_04_01&wr_id=6988&sca=%EA%B5%AD%EC%A0%9C%EA%B5%90%EB%A5%98&page=9
131,52,2015학년도 경영대학 하계 전공연수 프로그램 선발자 결과 공지,행정실,2015-05-15,2459,http://kbiz.khu.ac.kr/board5/bbs/board.php?bo_table=05_04_01&wr_id=6987&sca=%EA%B5%AD%EC%A0%9C%EA%B5%90%EB%A5%98&page=9
132,51,2015학년도 경영대학 하계 전공연수 및 인턴십 모집,행정실,2015-05-07,9162,http://kbiz.khu.ac.kr/board5/bbs/board.php?bo_table=05_04_01&wr_id=6956&sca=%EA%B5%AD%EC%A0%9C%EA%B5%90%EB%A5%98&page=9
133,50,2015학년도 2학기 경영대학 자체파견 교환학생 선발 공고 (파견교: ISC외 2개 대학),행정실,2015-02-25,7601,http://kbiz.khu.ac.kr/board5/bbs/board.php?bo_table=05_04_01&wr_id=6771&sca=%EA%B5%AD%EC%A0%9C%EA%B5%90%EB%A5%98&page=9
134,49,(예정) 2015-2학기 경영대학 자체파견 교환학생 선발계획 알림,행정실,2015-02-13,5700,http://kbiz.khu.ac.kr/board5/bbs/board.php?bo_table=05_04_01&wr_id=6750&sca=%EA%B5%AD%EC%A0%9C%EA%B5%90%EB%A5%98&page=9
135,48,2015학년도 2학기 경영대학 자체 파견 교환학생 추가 모집 공고,행정실,2015-02-11,6297,http://kbiz.khu.ac.kr/board5/bbs/board.php?bo_table=05_04_01&wr_id=6742&sca=%EA%B5%AD%EC%A0%9C%EA%B5%90%EB%A5%98&page=10
136,47,"2015학년도 2학기 경영대학 자체 파견 교환학생 선발 공고(FSU, STAC, Rikkyo Universi…",행정실,2015-01-30,8066,http://kbiz.khu.ac.kr/board5/bbs/board.php?bo_table=05_04_01&wr_id=6723&sca=%EA%B5%AD%EC%A0%9C%EA%B5%90%EB%A5%98&page=10
137,46,2015학년도 자율 해외 연수 프로그램 실시계획 안내,행정실,2015-01-29,6609,http://kbiz.khu.ac.kr/board5/bbs/board.php?bo_table=05_04_01&wr_id=6721&sca=%EA%B5%AD%EC%A0%9C%EA%B5%90%EB%A5%98&page=10
138,45,동계 국제화연수(일본어) 참가자 추가 모집(~11/24),행정실,2014-11-18,1898,http://kbiz.khu.ac.kr/board5/bbs/board.php?bo_table=05_04_01&wr_id=6531&sca=%EA%B5%AD%EC%A0%9C%EA%B5%90%EB%A5%98&page=10
139,44,[추가모집] 국제화연수(영어) 호주/말레이시아/영국 프로그램,행정실,2014-11-18,3068,http://kbiz.khu.ac.kr/board5/bbs/board.php?bo_table=05_04_01&wr_id=6530&sca=%EA%B5%AD%EC%A0%9C%EA%B5%90%EB%A5%98&page=10
140,43,외국국적 재학생 대상 국제화 연수 프로그램 안내,행정실,2014-11-17,6329,http://kbiz.khu.ac.kr/board5/bbs/board.php?bo_table=05_04_01&wr_id=6529&sca=%EA%B5%AD%EC%A0%9C%EA%B5%90%EB%A5%98&page=10
141,42,[접수기간연장] 2014년 동계 영국 University of Sheffield 전공연수 참가자 모집(201…,행정실,2014-11-03,2858,http://kbiz.khu.ac.kr/board5/bbs/board.php?bo_table=05_04_01&wr_id=6495&sca=%EA%B5%AD%EC%A0%9C%EA%B5%90%EB%A5%98&page=10
142,41,미국 뉴저지주립대학교 교환학생 후기공유 - 2015-1 복수학위(2+2) 프로그램 지원자 참고,행정실,2014-09-19,2347,http://kbiz.khu.ac.kr/board5/bbs/board.php?bo_table=05_04_01&wr_id=6409&sca=%EA%B5%AD%EC%A0%9C%EA%B5%90%EB%A5%98&page=10
143,40,호주 Griffith University 초청 경영대학 기업방문단 모집                    댓글1개,행정실,2014-09-19,8804,http://kbiz.khu.ac.kr/board5/bbs/board.php?bo_table=05_04_01&wr_id=6407&sca=%EA%B5%AD%EC%A0%9C%EA%B5%90%EB%A5%98&page=10
144,39,2015-1 미국  STAC 경영대학 자체파견 교환학생 추가모집                    댓글1개,행정실,2014-09-05,11700,http://kbiz.khu.ac.kr/board5/bbs/board.php?bo_table=05_04_01&wr_id=6376&sca=%EA%B5%AD%EC%A0%9C%EA%B5%90%EB%A5%98&page=10
145,38,2015-1 경영대학 자체파견 교환학생 선발(ISC외 3개대학)                    댓글1개,행정실,2014-09-05,12498,http://kbiz.khu.ac.kr/board5/bbs/board.php?bo_table=05_04_01&wr_id=6374&sca=%EA%B5%AD%EC%A0%9C%EA%B5%90%EB%A5%98&page=10
146,37,"2015-1 경영대학 자체파견 교환학생 선발공고(미국 FSU, STAC)                    댓글1개",행정실,2014-08-05,12178,http://kbiz.khu.ac.kr/board5/bbs/board.php?bo_table=05_04_01&wr_id=6283&sca=%EA%B5%AD%EC%A0%9C%EA%B5%90%EB%A5%98&page=10
147,36,2014 하계 경영대학 기업방문단 모집 및 미국 FSU 연수단 초청 계획 안내,행정실,2014-07-15,5233,http://kbiz.khu.ac.kr/board5/bbs/board.php?bo_table=05_04_01&wr_id=6245&sca=%EA%B5%AD%EC%A0%9C%EA%B5%90%EB%A5%98&page=10
148,35,2015-1학기 경영대학 자체파견 교환학생 선발계획 알림(예정),행정실,2014-07-02,2005,http://kbiz.khu.ac.kr/board5/bbs/board.php?bo_table=05_04_01&wr_id=6225&sca=%EA%B5%AD%EC%A0%9C%EA%B5%90%EB%A5%98&page=10
149,34,2014 외국대학 하계학기 개별연수 지원프로그램 참가자 모집~6/30(월)까지                    댓글1개,행정실,2014-05-22,12010,http://kbiz.khu.ac.kr/board5/bbs/board.php?bo_table=05_04_01&wr_id=6132&sca=%EA%B5%AD%EC%A0%9C%EA%B5%90%EB%A5%98&page=10
150,33,2014 UN 글로벌 리더십 현장학습 전공연수 프로그램 모집 안내,행정실,2014-05-21,2937,http://kbiz.khu.ac.kr/board5/bbs/board.php?bo_table=05_04_01&wr_id=6129&sca=%EA%B5%AD%EC%A0%9C%EA%B5%90%EB%A5%98&page=11
151,32,2014하계 EBS Paris 전공연수 참가자 모집(~5/19),행정실,2014-05-13,15097,http://kbiz.khu.ac.kr/board5/bbs/board.php?bo_table=05_04_01&wr_id=6108&sca=%EA%B5%AD%EC%A0%9C%EA%B5%90%EB%A5%98&page=11
152,31,미국 뉴저지주립대학교와의 복수학위 프로그램(2+2) 참가자 선발안내(추가모집),행정실,2014-05-08,13871,http://kbiz.khu.ac.kr/board5/bbs/board.php?bo_table=05_04_01&wr_id=6103&sca=%EA%B5%AD%EC%A0%9C%EA%B5%90%EB%A5%98&page=11
153,30,2014-2 경영대학 자체파견 교환학생 추가모집 공고,행정실,2014-04-25,2692,http://kbiz.khu.ac.kr/board5/bbs/board.php?bo_table=05_04_01&wr_id=6085&sca=%EA%B5%AD%EC%A0%9C%EA%B5%90%EB%A5%98&page=11
154,29,미국 뉴저지주립대학교와의 복수학위 프로그램(2+2) 참가자 선발안내,행정실,2014-04-25,2784,http://kbiz.khu.ac.kr/board5/bbs/board.php?bo_table=05_04_01&wr_id=6084&sca=%EA%B5%AD%EC%A0%9C%EA%B5%90%EB%A5%98&page=11
155,28,2014 외국대학 하계학기 개별연수 지원프로그램 실시계획 안내,행정실,2014-04-14,1971,http://kbiz.khu.ac.kr/board5/bbs/board.php?bo_table=05_04_01&wr_id=6058&sca=%EA%B5%AD%EC%A0%9C%EA%B5%90%EB%A5%98&page=11
156,27,2014-2 경영대학 자체파견 교환학생 선발 안내                    댓글1개,행정실,2014-04-03,2931,http://kbiz.khu.ac.kr/board5/bbs/board.php?bo_table=05_04_01&wr_id=6042&sca=%EA%B5%AD%EC%A0%9C%EA%B5%90%EB%A5%98&page=11
157,26,미국 FSU 경영대학 자차파견 교환학생 참가 후기(업데이트 예정),행정실,2014-01-08,3091,http://kbiz.khu.ac.kr/board5/bbs/board.php?bo_table=05_04_01&wr_id=5848&sca=%EA%B5%AD%EC%A0%9C%EA%B5%90%EB%A5%98&page=11
158,25,경영대학 주요 해외 자매대학 안내,행정실,2014-01-06,3247,http://kbiz.khu.ac.kr/board5/bbs/board.php?bo_table=05_04_01&wr_id=5842&sca=%EA%B5%AD%EC%A0%9C%EA%B5%90%EB%A5%98&page=11
159,24,2014 외국대학 하계학기 개별연수 지원프로그램 실시계획 안내(북미지역),행정실,2014-01-06,4449,http://kbiz.khu.ac.kr/board5/bbs/board.php?bo_table=05_04_01&wr_id=5841&sca=%EA%B5%AD%EC%A0%9C%EA%B5%90%EB%A5%98&page=11
160,23,2014-2 미국 FSU 경영대 자체파견 교환학생 선발공고                    댓글1개,행정실,2013-12-30,2279,http://kbiz.khu.ac.kr/board5/bbs/board.php?bo_table=05_04_01&wr_id=5828&sca=%EA%B5%AD%EC%A0%9C%EA%B5%90%EB%A5%98&page=11
161,22,[국제교류처]2013동계 중국어 및 문화체험 연수단 모집 공고,행정실,2013-11-10,1363,http://kbiz.khu.ac.kr/board5/bbs/board.php?bo_table=05_04_01&wr_id=4793&sca=%EA%B5%AD%EC%A0%9C%EA%B5%90%EB%A5%98&page=11
162,21,[전공연수 2차 면접시간표]2013 동계 영국 셰필드 단기연수 프로그램 2차 면접전형 시간표공지,행정실,2013-11-08,1291,http://kbiz.khu.ac.kr/board5/bbs/board.php?bo_table=05_04_01&wr_id=4790&sca=%EA%B5%AD%EC%A0%9C%EA%B5%90%EB%A5%98&page=11
163,20,[전공연수]2013 동계 영국 셰필드 단기연수 프로그램 1차 서류전형 결과공지,행정실,2013-11-05,1534,http://kbiz.khu.ac.kr/board5/bbs/board.php?bo_table=05_04_01&wr_id=4788&sca=%EA%B5%AD%EC%A0%9C%EA%B5%90%EB%A5%98&page=11
164,19,[전공연수]2013학년도 동계 영국 셰필드대학교 단기연수 프로그램 참가자 모집                    댓글2개,행정실,2013-10-14,2327,http://kbiz.khu.ac.kr/board5/bbs/board.php?bo_table=05_04_01&wr_id=4757&sca=%EA%B5%AD%EC%A0%9C%EA%B5%90%EB%A5%98&page=11
165,18,유럽권 2014-1 경영대학 자체 파견 교환학생 선발                    댓글2개,행정실,2013-08-06,3000,http://kbiz.khu.ac.kr/board5/bbs/board.php?bo_table=05_04_01&wr_id=4672&sca=%EA%B5%AD%EC%A0%9C%EA%B5%90%EB%A5%98&page=12
166,17,미국 FSU 2014-1 경영대학 자체 파견 교환학생 선발[~8/23(금)]                    댓글2개,행정실,2013-08-05,2650,http://kbiz.khu.ac.kr/board5/bbs/board.php?bo_table=05_04_01&wr_id=4670&sca=%EA%B5%AD%EC%A0%9C%EA%B5%90%EB%A5%98&page=12
167,16,외국대학 교환학생 교류에 관한 규정(2013. 7. 1),행정실,2013-07-22,1474,http://kbiz.khu.ac.kr/board5/bbs/board.php?bo_table=05_04_01&wr_id=4651&sca=%EA%B5%AD%EC%A0%9C%EA%B5%90%EB%A5%98&page=12
168,15,외국대학 교환학생 교류에 관한 규정 개정 안내,행정실,2013-07-22,1264,http://kbiz.khu.ac.kr/board5/bbs/board.php?bo_table=05_04_01&wr_id=4650&sca=%EA%B5%AD%EC%A0%9C%EA%B5%90%EB%A5%98&page=12
169,14,[전공연수] 2013년 하계 영국 University of Sheffield 전공연수 참가자 모집(2013.…,행정실,2013-04-26,2016,http://kbiz.khu.ac.kr/board5/bbs/board.php?bo_table=05_04_01&wr_id=4538&sca=%EA%B5%AD%EC%A0%9C%EA%B5%90%EB%A5%98&page=12
170,13,2013-2 경영대학 자체파견 교환학생 추가모집,행정실,2013-04-18,2301,http://kbiz.khu.ac.kr/board5/bbs/board.php?bo_table=05_04_01&wr_id=4534&sca=%EA%B5%AD%EC%A0%9C%EA%B5%90%EB%A5%98&page=12
171,12,2013-2 경영대학 자체파견 교환학생 선발 공고,행정실,2013-04-09,1831,http://kbiz.khu.ac.kr/board5/bbs/board.php?bo_table=05_04_01&wr_id=4523&sca=%EA%B5%AD%EC%A0%9C%EA%B5%90%EB%A5%98&page=12
172,11,FSU 2013학년도 2학기 경영대학 자체 파견 교환학생 선발 공고,행정실,2013-03-30,1959,http://kbiz.khu.ac.kr/board5/bbs/board.php?bo_table=05_04_01&wr_id=4516&sca=%EA%B5%AD%EC%A0%9C%EA%B5%90%EB%A5%98&page=12
173,10,경영대학 자체 파견 교환학생 지원시 어학성적에 관한 공지,행정실,2012-12-06,1568,http://kbiz.khu.ac.kr/board5/bbs/board.php?bo_table=05_04_01&wr_id=4328&sca=%EA%B5%AD%EC%A0%9C%EA%B5%90%EB%A5%98&page=12
174,9,2013학년도 1학기 경영대학 자체파견 교환학생 선발 공고 (추가공고),행정실,2012-10-26,2002,http://kbiz.khu.ac.kr/board5/bbs/board.php?bo_table=05_04_01&wr_id=4280&sca=%EA%B5%AD%EC%A0%9C%EA%B5%90%EB%A5%98&page=12
175,8,2013학년도 1학기 경영대학 자체파견 교환학생 선발 공고(ISC 외),행정실,2012-10-17,1918,http://kbiz.khu.ac.kr/board5/bbs/board.php?bo_table=05_04_01&wr_id=4270&sca=%EA%B5%AD%EC%A0%9C%EA%B5%90%EB%A5%98&page=12
176,7,[전공연수] 2012년 동계 영국 University of Sheffield 전공연수 참가자 모집(2012.…,행정실,2012-10-09,2024,http://kbiz.khu.ac.kr/board5/bbs/board.php?bo_table=05_04_01&wr_id=4262&sca=%EA%B5%AD%EC%A0%9C%EA%B5%90%EB%A5%98&page=12
177,6,"2013학년도 1, 2학기 경영대학 자체 파견 교환학생 공고 (FSU)",행정실,2012-07-24,3799,http://kbiz.khu.ac.kr/board5/bbs/board.php?bo_table=05_04_01&wr_id=4177&sca=%EA%B5%AD%EC%A0%9C%EA%B5%90%EB%A5%98&page=12
178,5,미국 Northeastern Illinois University 연수프로그램 참가자 모집 안내,행정실,2012-05-11,2961,http://kbiz.khu.ac.kr/board5/bbs/board.php?bo_table=05_04_01&wr_id=4096&sca=%EA%B5%AD%EC%A0%9C%EA%B5%90%EB%A5%98&page=12
179,4,2012학년도 2학기 경영대학 자체파견 교환학생 선발 공고,행정실,2012-04-02,2378,http://kbiz.khu.ac.kr/board5/bbs/board.php?bo_table=05_04_01&wr_id=4063&sca=%EA%B5%AD%EC%A0%9C%EA%B5%90%EB%A5%98&page=12
180,3,2012학년도 1학기 경영대학 자체 파견 교환학생 추가 선발 공고(EBS),행정실,2011-10-21,6511,http://kbiz.khu.ac.kr/board5/bbs/board.php?bo_table=05_04_01&wr_id=3935&sca=%EA%B5%AD%EC%A0%9C%EA%B5%90%EB%A5%98&page=13
181,2,"Welcome to Hochschule Osnabruck, Germany_ 오스나브룩 대학 소개 및 학사일정…",행정실,2011-10-19,2131,http://kbiz.khu.ac.kr/board5/bbs/board.php?bo_table=05_04_01&wr_id=3934&sca=%EA%B5%AD%EC%A0%9C%EA%B5%90%EB%A5%98&page=13
182,1,2012학년도 1학기 경영대학 자체파견 교환학생 선발 공고,행정실,2011-10-04,6973,http://kbiz.khu.ac.kr/board5/bbs/board.php?bo_table=05_04_01&wr_id=3916&sca=%EA%B5%AD%EC%A0%9C%EA%B5%90%EB%A5%98&page=13
